from,to,distance
1296,466,22.8
1063,1355,9.9
650,598,99.5
1880,1934,31.1
32,1567,53.0
1902,753,38.2
776,1813,72.1
1613,601,51.2
1250,1749,20.8
1734,432,10.8
1963,1790,35.2
1397,920,68.9
1327,259,92.4
624,1854,45.0
1799,1369,76.0
1467,529,80.7
967,22,54.3
1290,1372,77.5
1390,23,55.7
73,1962,51.3
973,1206,56.6
1552,126,89.5
1882,1789,90.0
457,988,42.2
1596,799,47.3
733,1181,89.0
1138,1755,40.7
547,559,62.0
1618,66,41.9
1249,1324,5.6
1263,814,80.1
1026,628,11.6
731,604,43.4
1221,91,95.5
1539,1413,40.4
1469,1418,23.4
1683,600,54.8
951,995,73.0
864,231,14.3
833,1414,68.3
1734,1382,74.8
1861,1854,72.3
1525,625,22.9
1397,90,69.8
30,169,8.9
550,1091,83.2
1463,1850,24.4
1737,537,98.2
1533,1043,61.6
1013,383,23.6
1868,935,85.0
1222,1335,74.5
1850,1074,40.0
417,565,61.9
1922,1921,95.4
932,1748,63.3
1421,1812,48.5
1886,929,20.9
854,564,22.3
31,323,54.9
246,1427,17.7
1519,107,64.6
1472,1101,31.2
1081,1498,67.7
1688,1796,67.5
1553,488,93.8
913,471,83.4
862,1486,68.2
1321,959,68.1
1562,1828,15.0
375,1372,88.9
1162,619,79.7
218,211,58.6
563,1895,49.9
548,1821,45.6
320,525,7.9
20,1850,33.6
1921,643,12.9
326,1171,57.6
1260,1406,69.4
483,17,25.0
1306,1683,84.6
1372,174,36.9
533,242,5.7
520,193,6.1
1045,763,35.8
326,1176,48.3
636,1974,44.5
190,1998,34.3
592,337,17.8
1635,403,29.6
1226,93,13.9
345,575,78.8
416,481,56.4
309,1486,75.3
442,900,83.7
559,1019,24.5
1241,1857,67.5
1406,523,42.5
927,731,85.0
1848,1698,51.1
1906,163,93.5
282,1908,22.7
620,1056,95.8
164,726,21.2
95,742,63.2
1020,1783,10.0
1745,1084,22.4
1645,1510,74.2
142,1062,79.5
358,171,77.5
1651,1134,35.9
1859,21,5.7
773,480,64.6
1019,1752,44.5
564,57,89.4
1809,1796,9.3
1886,1093,71.7
788,1310,35.8
1582,852,23.0
578,960,17.1
1955,1888,75.8
1651,206,78.0
564,340,32.6
1029,952,23.2
1375,207,36.4
1870,1634,37.5
1014,1086,78.9
1876,1126,81.2
990,504,76.6
1476,905,42.7
331,874,56.3
624,723,16.7
364,1182,62.8
750,1866,70.7
1795,1225,8.7
844,544,42.9
1135,829,22.5
740,856,10.1
1121,102,67.2
1411,886,58.8
1066,1755,12.7
638,1977,64.8
984,641,18.9
1517,860,13.3
1024,1942,91.2
611,1816,23.7
1647,357,88.0
1052,841,99.8
1418,1421,73.7
80,1189,84.6
668,1413,11.6
1785,785,7.9
159,1187,77.4
1135,1894,57.8
1289,1348,21.4
1629,481,12.8
1736,1726,48.3
1983,461,76.8
681,399,29.7
807,1805,72.5
740,755,95.5
644,238,67.1
830,1603,56.4
1037,300,21.3
693,399,82.1
1829,1558,81.2
1270,682,43.8
346,43,66.7
1570,1555,90.3
1661,514,91.2
1009,1496,48.4
497,607,77.0
640,481,57.1
1559,673,91.4
456,443,67.5
1545,414,18.2
1886,634,25.3
746,347,16.1
1952,407,86.8
933,284,44.5
264,527,48.0
130,1314,69.0
1900,1493,16.8
308,1202,7.0
1581,1285,59.4
679,1057,47.4
891,1199,63.4
106,403,8.6
1782,145,36.9
397,963,62.9
627,1299,70.1
496,1,77.3
550,1815,46.7
284,1233,51.7
1000,1006,97.2
1121,1827,64.2
1935,1922,82.5
91,1724,44.8
1270,1652,28.2
1603,279,81.5
314,968,67.0
245,601,93.6
1214,1265,9.6
85,1204,97.0
776,254,59.9
1226,697,80.8
947,721,99.4
1530,127,73.0
1996,432,20.4
1468,1315,64.7
1346,1268,61.1
1262,562,8.6
1260,325,69.3
92,749,35.4
492,1825,74.8
1117,1410,58.3
1884,1820,67.9
522,1090,19.9
981,794,47.2
373,1267,13.4
318,1245,50.3
527,1679,78.8
1141,1734,89.9
1011,1911,95.0
1029,1487,61.2
901,391,61.8
474,785,50.1
917,1541,9.8
173,1663,87.5
1962,11,59.1
1214,894,42.1
1344,833,17.9
1314,591,67.5
457,1171,38.4
518,470,94.6
57,774,37.5
1328,806,39.5
342,764,97.2
1303,1293,68.0
177,749,75.6
668,1112,24.4
663,436,56.8
388,1617,87.2
1514,689,55.2
534,783,85.3
1403,212,88.1
372,1858,60.8
571,1043,42.7
926,1020,86.3
800,1304,98.4
345,1654,27.1
334,1978,57.5
477,71,60.5
1485,1981,16.8
1648,1756,51.9
491,539,48.9
1796,89,47.4
214,252,23.1
1360,37,54.8
967,1334,55.9
51,1634,69.5
982,1058,54.6
1653,240,56.2
397,174,16.3
691,859,84.5
267,1126,60.6
112,1212,11.1
805,147,86.0
1685,1108,74.0
44,521,57.2
482,1229,77.6
1563,488,78.4
1326,677,14.2
1027,1967,49.7
934,1924,51.4
1784,476,71.6
139,1271,28.9
1665,212,88.7
185,295,30.2
1967,242,48.8
1131,1403,49.3
485,982,48.7
169,740,44.6
1918,1641,17.3
1955,27,85.3
812,176,36.1
1760,1870,52.6
829,575,15.8
549,26,52.0
862,1934,71.3
1510,849,10.0
1189,56,19.9
325,230,55.0
1273,506,65.1
339,1021,14.6
1639,529,82.9
1495,1942,5.6
384,1576,88.9
1450,1076,42.8
408,1877,58.7
385,1176,29.8
816,363,55.1
1933,191,86.2
572,1272,32.5
1240,1496,93.7
397,312,49.0
241,795,10.7
352,1790,93.5
1572,1898,26.6
1115,838,61.2
794,1162,25.5
190,1979,72.7
882,1399,99.8
1758,723,62.4
1481,1877,14.3
702,899,59.9
1951,1521,32.2
238,307,72.0
1294,1589,7.9
61,205,86.7
703,1212,39.7
132,1752,68.8
667,1062,24.1
1188,1273,94.4
524,1639,11.1
987,1075,55.5
1710,1866,33.9
1273,983,30.9
139,286,65.9
1498,1069,74.9
928,1253,16.9
968,154,93.5
1729,1563,36.4
254,494,25.6
469,60,16.0
1546,1876,32.9
1658,1126,21.1
1117,1955,55.8
421,1985,25.6
1819,393,83.7
919,1826,16.5
1525,586,47.7
1709,117,31.2
1149,17,20.5
9,1404,76.1
756,1364,26.1
1874,75,87.8
497,581,76.1
1348,19,23.3
726,675,99.8
769,1700,13.8
860,803,92.6
1677,406,67.4
1773,1220,10.5
1040,1903,83.7
407,1990,11.6
110,1706,12.7
1585,545,14.9
1442,926,16.0
1794,1810,79.3
29,1852,72.5
1094,1140,93.7
1324,671,80.2
1596,1704,71.9
639,1522,57.5
1379,225,35.1
1476,1890,29.2
94,1452,14.8
839,545,64.5
663,151,94.9
1448,1631,24.6
234,754,21.6
1712,261,17.5
897,460,22.6
1315,923,86.3
663,368,31.9
1380,1292,37.2
1266,584,47.0
1200,13,54.7
365,982,76.4
1322,1467,65.8
1957,1304,54.0
882,854,23.0
695,1195,23.6
1151,1261,24.2
1037,71,59.1
1012,819,65.8
559,749,21.1
298,1054,23.6
171,1866,48.3
1971,86,65.8
1056,1261,97.2
1418,1306,46.6
1247,392,60.9
1443,1290,72.1
1577,1315,78.2
1472,1286,62.9
1048,613,6.5
1677,1199,89.9
1913,192,67.4
763,1917,83.7
785,639,78.7
811,1854,90.4
107,407,39.5
838,362,27.5
1998,120,66.2
1749,1020,40.7
126,1701,37.2
1416,535,88.2
1459,1993,36.8
407,1315,40.6
954,971,41.5
1179,941,36.8
660,117,17.2
1191,1204,87.7
336,1219,39.0
474,1049,16.4
773,1968,88.2
1582,1715,65.5
656,5,23.4
395,1511,10.9
74,1027,54.8
261,1512,16.1
1342,1624,19.6
953,55,35.8
20,537,41.2
1792,14,54.4
1577,1448,41.2
1479,564,37.0
728,1512,44.4
1750,1432,78.2
458,603,44.1
580,755,88.5
1489,294,53.2
1114,1981,23.9
1215,1288,92.6
1972,436,27.1
1240,1210,86.4
860,1714,57.6
607,1994,7.1
826,694,35.9
49,337,89.0
44,927,18.9
1198,550,46.7
1228,1747,51.4
881,801,24.4
138,1816,37.5
806,1863,23.4
875,137,87.9
1895,1346,94.0
45,1470,94.3
573,1963,18.0
471,1650,53.2
178,908,6.4
724,1858,62.7
760,1795,37.2
922,1824,38.1
1491,397,85.4
1929,36,95.3
559,899,29.8
1659,880,26.0
687,612,29.1
1476,1856,12.7
186,43,72.0
1224,1883,91.6
722,1483,97.7
56,1685,46.2
225,170,37.1
1875,1106,67.7
1626,1255,92.6
779,998,79.4
1132,708,34.5
1117,933,13.8
788,1175,79.4
1415,986,89.7
68,1439,44.7
1171,1615,34.2
962,331,67.7
810,1561,73.8
1819,1890,47.2
1529,1627,71.4
67,461,8.0
954,578,36.1
347,789,51.1
111,1423,5.1
1207,1438,94.2
1819,1541,13.9
349,328,35.0
562,1847,93.6
1421,1570,13.0
570,1801,46.6
483,609,55.4
1469,99,35.3
804,1461,6.0
1830,1773,43.1
1188,1856,54.0
330,1859,8.6
1006,985,95.7
1059,1542,19.2
327,1096,63.1
573,508,94.0
838,969,12.8
601,1836,89.9
1017,664,63.9
681,130,83.0
578,1636,10.7
1807,1687,41.5
300,674,35.8
1792,81,45.6
1943,1471,35.9
190,1551,33.4
1128,1223,89.7
195,1876,76.7
1082,802,70.1
264,1557,77.2
1915,1987,46.6
1789,1842,85.2
1754,1907,69.0
959,1214,44.7
1982,1672,96.3
37,906,42.3
762,1467,67.7
1954,1004,56.2
147,1069,62.1
798,1641,46.5
470,948,68.2
1059,1034,74.4
582,679,60.5
331,780,45.6
596,1676,97.4
1513,329,32.5
96,799,86.1
1950,1996,25.7
1614,1404,80.1
1988,583,52.6
1631,337,66.6
385,781,29.4
266,249,38.8
919,751,72.6
1399,1475,43.0
1021,1841,95.9
917,237,90.5
96,155,43.3
275,1341,91.7
783,780,46.1
444,1216,63.3
872,1485,92.9
615,1989,71.5
903,1418,28.7
1003,1310,9.1
1740,380,44.7
1387,867,50.6
1459,1100,14.6
1995,340,12.6
465,555,34.0
1802,1026,64.2
1663,304,5.9
438,1180,59.4
1960,436,7.8
315,1249,30.1
993,148,46.5
1685,1724,31.8
862,116,93.2
1382,1427,61.0
1647,960,35.9
445,1748,82.2
1904,1298,35.0
553,1848,13.5
481,200,41.2
150,1753,8.0
676,295,24.1
1355,199,12.8
178,502,57.6
1758,1083,27.6
1623,805,66.5
210,1298,82.1
739,284,57.9
1720,198,22.8
1382,1841,84.2
28,773,67.8
531,1535,58.2
1494,876,32.1
746,131,10.1
555,1356,11.5
250,555,40.9
713,1480,98.1
144,1861,71.3
305,1586,21.9
545,137,67.9
194,197,20.3
648,1386,32.2
711,594,39.9
229,1017,37.2
988,1192,63.8
61,1722,11.2
1232,205,44.5
375,406,80.4
216,1956,79.5
1445,99,40.2
1221,1912,16.0
1624,83,7.0
266,846,82.1
361,762,51.1
1945,1070,60.5
621,266,9.6
405,84,68.4
1185,547,43.1
1983,322,43.1
8,845,30.8
231,1490,49.0
179,1715,12.1
507,1647,93.7
1515,1296,80.5
1938,1757,70.6
1156,1408,5.1
597,1386,46.8
1308,760,54.6
1824,192,55.6
1615,571,57.8
1791,1487,54.5
606,889,52.6
1650,428,27.6
1103,1983,93.4
1109,735,54.2
216,804,24.5
1493,211,50.0
1154,917,75.1
971,341,83.3
419,1357,69.4
305,1036,8.3
29,1416,17.1
1340,317,55.7
1809,651,63.5
1971,1090,63.6
388,1068,90.8
431,123,75.7
955,793,75.5
1708,1163,59.6
1144,1624,28.5
325,1175,50.3
1158,945,79.0
712,1960,31.3
1433,393,10.3
1966,573,38.0
120,1870,21.2
1471,1487,82.4
1325,1330,55.5
1451,715,65.8
1056,750,36.8
1777,1795,60.6
1533,1208,93.4
1594,1058,35.0
896,381,61.3
1050,814,50.9
1475,1919,46.2
356,1826,68.9
1022,1161,71.5
1681,1487,52.1
512,84,68.4
747,1869,15.4
1664,318,95.8
1033,365,22.9
71,599,55.4
596,184,11.4
845,1524,28.3
700,1850,29.6
1130,1704,90.7
1592,1002,21.3
1752,230,70.4
782,1187,22.5
665,1479,78.3
1944,1176,10.1
1619,735,36.3
261,1333,69.5
1330,627,19.1
657,1782,11.0
974,763,47.3
752,1171,20.7
1465,1743,21.8
1851,685,23.0
885,1630,31.9
1765,1223,77.7
1454,115,21.6
460,1222,82.4
1505,977,36.5
1778,352,82.4
725,1622,61.1
555,1060,90.9
901,1214,52.9
1110,475,65.2
1262,1730,9.7
205,1406,76.1
906,1498,98.6
297,1537,31.7
746,1018,44.6
762,229,63.8
1663,26,67.8
863,214,85.5
1029,207,68.1
1033,1956,86.7
1858,485,11.1
61,1224,96.1
20,921,12.2
1051,1510,58.0
1968,1161,36.9
77,777,18.4
6,703,46.3
750,955,67.1
483,992,39.6
428,1318,73.7
1168,1696,38.1
845,1867,99.0
23,1235,35.8
1254,1007,89.6
1100,1071,52.3
330,1974,87.7
1756,138,97.6
1828,951,61.8
4,818,83.6
413,1625,83.9
956,596,8.8
46,1358,31.7
857,1331,67.1
1606,607,52.7
981,1026,62.7
765,682,68.7
269,670,74.6
825,1448,88.2
313,812,42.8
1659,1175,15.4
1975,1069,99.3
1414,1388,5.6
13,382,95.0
1365,450,79.4
1788,1674,91.6
1148,1473,46.2
1000,332,97.0
1257,1912,26.9
1790,773,57.3
624,1745,94.9
251,295,56.4
395,1319,62.2
1544,470,85.0
916,1506,27.5
1418,1373,50.5
1381,1552,43.7
296,1906,45.0
181,1545,7.4
560,465,16.5
1124,1262,77.9
1976,50,26.0
681,267,91.3
996,1985,64.1
632,650,32.5
879,506,22.6
1946,1144,78.4
145,360,55.0
486,944,75.3
938,913,87.3
1587,1034,9.0
1093,1370,95.6
190,1487,60.0
344,890,76.7
1822,180,43.7
676,1115,85.2
1430,1358,48.6
1526,828,11.1
1573,201,44.7
957,1494,12.2
1450,676,55.1
1576,767,18.0
694,245,61.4
109,48,62.0
1179,1043,99.8
701,47,64.6
1783,1628,38.4
931,1322,40.4
1882,756,20.8
1057,614,64.4
704,1774,87.0
1195,20,44.6
282,1741,32.7
1147,1107,60.2
53,353,92.9
1864,419,18.0
675,1919,74.0
939,1226,92.6
630,1795,39.6
880,1150,41.6
1554,497,33.3
1553,142,39.6
135,570,84.0
321,1353,11.6
347,422,10.6
188,1286,38.2
1864,77,42.3
500,244,34.4
1811,1277,22.3
1995,1559,86.5
651,395,98.1
215,740,71.0
1978,1687,53.1
517,174,68.9
1410,4,18.9
1813,741,51.9
370,362,14.5
315,128,88.3
220,1811,100.0
448,554,87.3
160,606,60.3
1334,585,17.4
824,1576,13.0
591,825,45.5
1713,255,93.8
1356,395,8.2
1112,1991,50.9
1498,91,81.2
156,725,64.4
1487,1845,68.5
1126,262,12.4
1686,1278,71.7
1172,159,76.1
639,1682,10.0
1341,1529,17.9
1675,927,17.6
603,691,63.8
119,742,16.1
576,1543,96.6
280,606,41.2
398,1938,86.8
1851,1705,25.5
1856,1881,41.7
42,175,42.5
1510,397,94.9
654,1317,6.1
768,1308,74.8
128,509,75.4
1807,1386,91.2
1385,1211,77.0
1927,1170,21.3
1956,1238,44.5
1186,1903,67.5
1583,196,79.1
164,38,50.6
112,879,81.5
119,1426,68.8
1182,314,27.4
426,946,42.0
1771,1577,25.0
1964,363,24.4
1155,86,94.6
69,1182,76.6
1047,388,73.3
134,1154,49.6
575,1547,37.5
110,802,26.9
586,1668,80.0
1047,1520,71.4
1561,808,14.1
1911,1521,37.9
452,1062,5.6
1589,825,65.5
1889,1632,52.0
89,695,34.0
1100,154,53.5
1034,1387,85.8
1308,1745,89.3
1202,753,56.7
283,784,35.8
867,1213,88.4
335,1351,70.9
679,1478,85.2
1050,534,82.2
1568,1431,91.6
1494,1723,93.1
1489,818,89.5
1213,789,82.0
1895,1630,13.6
1097,391,12.7
593,1628,59.7
295,1309,9.8
826,1834,82.1
477,535,53.0
448,1918,88.9
135,1918,29.4
1534,707,21.5
1550,105,12.5
1039,809,44.1
1152,362,52.6
1558,1410,49.8
1578,1245,9.3
1729,1453,35.4
1439,1961,56.6
563,1786,39.3
1916,171,52.1
79,568,67.6
810,950,21.6
1361,1016,71.9
1231,1227,36.4
458,944,24.9
1337,1772,12.9
1574,285,67.5
1269,1471,27.6
633,1295,98.0
1455,1218,69.1
1467,1051,53.6
1309,1696,7.4
555,1121,50.1
752,283,16.8
381,750,20.3
343,200,17.0
1907,878,26.3
1845,1512,33.1
1344,745,34.1
544,503,39.7
352,138,30.4
1041,748,79.3
1288,773,21.0
1137,1863,84.0
1328,1450,61.9
1822,1880,19.9
1955,1643,72.8
1421,1156,12.9
1625,845,33.4
1137,252,54.3
682,418,38.2
392,1441,87.6
803,518,49.4
77,1532,85.9
887,58,67.9
788,1244,52.8
150,504,59.8
1932,1253,16.9
438,173,27.0
89,486,92.1
1578,688,46.4
968,1308,56.6
1054,1293,55.9
1684,1349,43.0
346,597,43.9
70,1491,70.4
1548,872,83.5
283,1232,25.9
1502,1241,19.8
1243,1223,13.6
34,1190,59.4
1947,1522,51.3
1749,1611,48.5
1488,85,21.9
1330,195,70.1
1206,1032,16.7
266,313,71.4
94,1775,68.0
63,1022,58.5
1836,795,81.5
1676,1698,37.4
1291,479,93.9
1646,54,71.3
1361,1355,13.2
993,1502,24.2
1535,917,74.1
601,427,82.6
1991,1011,67.5
1864,9,35.1
93,432,73.0
1457,1407,55.9
973,454,5.3
531,567,87.4
378,165,17.4
377,51,45.4
791,1882,31.1
428,1989,40.6
1407,1016,77.7
1370,1224,83.1
174,342,86.4
1730,1441,12.7
1230,1041,85.1
1259,775,63.1
1709,1217,22.2
1310,1976,71.5
1104,797,21.0
407,1086,78.4
1753,468,95.0
897,378,29.2
1061,1623,13.7
1877,597,91.7
844,728,47.3
1020,1867,73.0
1292,891,95.1
1675,712,41.5
1385,1319,90.3
1165,1996,41.2
284,1024,56.2
1028,88,89.9
142,1484,91.4
1738,1088,91.9
1439,1065,95.8
1718,601,98.8
64,1206,20.1
1036,543,47.3
1721,1274,84.0
1774,1991,77.5
1406,302,55.9
1055,569,13.5
1403,178,29.0
1415,267,63.1
1594,1533,52.2
63,1598,39.6
1528,1415,45.4
1118,1985,53.9
1305,1805,49.1
218,1766,13.1
936,461,77.9
1763,1009,16.8
1945,1629,72.9
1173,1077,93.2
1379,1309,14.7
1398,1627,14.8
1563,348,45.3
403,949,99.5
326,924,74.6
1821,315,55.4
1038,294,64.6
310,327,48.0
29,732,43.2
303,181,78.6
1197,99,61.2
483,1786,44.6
1791,1783,92.6
1044,1865,70.3
1939,614,66.0
1475,1133,33.4
1841,1357,74.8
1403,1520,50.6
460,10,86.0
1293,707,74.6
516,1323,15.0
1856,1392,53.4
1148,1965,27.5
1785,1261,40.0
1882,473,84.8
1863,216,54.2
237,712,84.6
1357,390,100.0
1520,324,30.1
537,1864,92.7
682,1706,34.7
1329,990,55.1
1162,1737,12.8
291,1428,88.3
844,1702,44.3
1804,206,93.9
1593,1460,37.0
1759,1793,96.2
490,1196,17.2
444,1878,38.0
1748,815,81.1
1227,1861,27.6
285,1740,31.6
791,972,50.5
228,727,78.4
652,206,58.4
673,1091,13.9
1602,1137,21.3
1526,1434,15.1
1267,330,5.3
1696,1748,72.4
374,705,27.1
1970,1929,74.9
705,848,26.9
146,1857,23.0
150,167,71.7
268,1476,84.0
208,1226,71.7
1000,1041,36.7
1659,396,36.7
1295,1152,74.1
1030,1555,91.3
569,473,83.5
1528,611,17.8
617,9,46.6
1385,430,8.8
1756,1373,93.8
602,1729,98.5
1426,1634,61.7
1240,614,23.2
674,18,17.0
1629,1325,71.0
898,1805,82.3
618,1348,36.0
513,902,49.5
222,1312,35.4
253,1945,14.9
1721,1377,8.5
1837,1030,29.2
1042,193,8.0
978,115,26.2
988,119,45.0
684,593,68.9
1474,810,71.1
1029,1901,21.2
636,732,65.9
1175,1067,61.1
662,1080,14.7
1498,1431,56.7
517,1150,94.6
117,700,66.2
1398,929,37.4
1216,15,50.5
87,565,70.1
1230,1418,24.1
1690,287,91.9
425,1559,22.4
680,846,14.6
467,1367,91.5
687,1141,16.8
1586,725,68.9
804,568,51.5
437,172,29.7
1136,838,43.4
1856,1797,67.4
1910,414,34.2
136,1616,58.1
1774,1668,16.3
1755,532,51.5
218,1413,68.3
1240,1125,19.6
1440,966,70.7
284,333,75.2
565,1256,11.3
173,1837,39.2
1129,827,53.3
1931,359,73.7
80,1516,87.9
1157,1119,48.7
889,420,67.6
285,1749,30.4
1203,468,62.9
1423,3,61.2
1011,1678,42.0
136,750,86.0
1740,843,69.3
1788,1288,62.6
812,637,93.3
1026,619,25.6
607,61,65.9
1165,1788,18.3
1740,465,98.8
1080,1961,59.1
1391,930,86.6
1662,223,14.1
1848,1857,38.9
1278,1483,30.2
1439,1814,89.7
1647,1132,53.7
1784,475,81.6
1857,569,31.6
539,300,27.3
901,1942,18.7
554,1746,65.0
1798,1773,22.4
492,163,67.9
537,612,45.7
64,93,38.4
126,290,19.7
939,1626,21.4
321,251,66.8
1969,422,20.2
879,186,74.8
1291,5,17.8
132,1952,63.4
1239,77,28.6
1719,1192,35.6
637,1611,96.4
169,1104,48.6
1823,206,44.2
1312,41,94.5
1605,85,55.3
7,1050,68.8
498,1120,17.0
371,475,15.8
361,1735,22.4
1896,1203,71.4
283,1118,51.7
1984,121,64.5
40,208,57.2
741,1257,54.8
1225,578,70.0
1950,472,61.6
1528,234,50.5
202,168,69.4
1794,246,53.0
1293,358,94.6
477,1796,68.0
978,831,28.7
1887,1696,21.7
686,818,98.6
548,406,42.2
1912,1045,76.6
128,493,99.4
1838,1645,36.2
1,705,63.4
110,47,81.3
576,919,81.9
716,1721,7.9
619,1973,68.2
211,1052,41.9
1891,1350,60.8
1136,1058,97.1
799,115,64.7
1783,1375,23.6
279,217,60.9
907,485,21.3
1629,1759,7.2
545,589,86.6
1300,1239,18.1
1207,342,9.9
280,30,93.3
1492,825,18.2
1933,1693,77.9
1696,1190,24.0
1870,355,58.2
1003,531,20.0
938,567,49.4
1427,1863,32.1
198,403,55.0
67,1938,71.0
514,784,70.6
428,1300,11.4
1589,1316,92.3
525,935,40.7
1486,455,96.9
156,386,60.6
953,1337,68.9
1883,1372,81.5
1592,1211,48.1
1409,1427,23.1
1315,1837,89.0
1651,1086,30.4
1452,1421,42.6
1315,935,78.6
267,1719,70.9
1577,1998,82.2
1429,1758,57.8
34,87,83.7
1886,988,64.3
1940,157,77.5
1654,782,95.7
71,481,78.4
1272,1031,59.4
537,1428,97.7
1502,503,66.2
1047,1288,75.5
1514,138,67.4
623,174,16.3
592,644,72.1
816,206,58.9
1301,169,66.9
648,1860,64.1
794,1875,29.1
1874,1286,26.8
1742,901,54.7
114,1884,52.8
656,381,8.6
1893,605,74.4
381,1658,97.0
1604,730,10.5
1966,585,86.8
1477,896,51.1
993,1814,51.2
80,1988,84.9
1293,1441,98.2
110,1328,45.8
1967,1663,30.1
217,1735,84.5
1450,619,43.4
1076,305,50.2
358,1791,65.1
1295,952,81.0
1530,662,81.3
1915,749,60.9
668,977,89.7
1791,1732,95.1
1155,1299,8.4
1327,1059,86.1
1814,679,99.6
119,1092,22.8
1904,543,50.3
265,165,85.6
1873,1282,33.9
796,700,24.4
1327,861,82.5
291,1641,23.6
119,1505,54.6
14,286,12.1
505,1339,16.4
1118,1227,47.1
951,796,75.0
525,1819,94.5
748,1449,62.5
1997,1208,39.1
1041,1787,38.7
1271,1652,5.1
344,308,49.1
815,103,42.8
1680,130,13.5
7,1553,20.7
1607,849,42.9
1322,1765,62.8
554,675,56.5
875,712,37.5
648,1441,32.0
227,202,66.9
526,134,30.8
437,76,49.6
633,1067,24.4
1537,867,92.8
1162,633,55.9
675,342,87.2
1947,567,59.5
1784,204,39.2
1862,1768,94.6
464,1965,73.1
405,709,69.1
1618,319,33.4
710,1640,71.8
755,1872,12.1
1110,1993,49.8
304,1979,87.9
1924,168,10.0
642,672,42.5
666,1788,10.0
258,631,50.9
120,594,82.7
692,875,54.8
156,1746,22.5
846,701,89.5
209,1961,55.9
269,290,15.0
758,1415,9.4
1762,1979,79.7
911,1974,15.3
431,975,61.4
1166,1305,55.2
1336,1470,15.8
1550,982,94.5
1911,1896,35.6
579,445,6.8
394,1552,41.0
95,397,12.9
375,641,19.0
704,171,76.3
1277,605,37.5
1479,541,25.3
786,1430,10.4
229,1488,82.2
1711,1262,62.2
92,1052,14.8
1912,1962,57.7
1154,1429,33.3
545,163,59.1
1326,1916,68.8
1477,784,90.5
1866,1481,68.7
734,345,29.1
66,359,19.9
1586,1197,47.7
417,501,90.5
566,1122,95.3
165,1096,96.6
1187,131,6.8
1101,1834,11.6
858,1697,70.8
1948,463,23.0
278,1353,26.0
1302,746,88.9
2000,1716,27.2
982,768,57.3
1484,488,95.1
1665,1634,12.8
1240,52,87.2
1339,507,34.2
334,1091,22.5
1715,644,40.8
722,1992,72.1
1354,1707,97.5
1261,1854,41.4
1834,1575,73.7
1703,1213,30.4
771,214,51.7
1463,1065,55.8
1331,306,74.9
1114,1032,10.0
898,1899,91.8
314,1298,56.3
1466,52,57.0
1122,344,72.6
1750,190,54.8
335,1407,80.5
604,629,76.9
685,303,44.8
1229,345,14.3
728,151,62.4
362,322,39.6
1597,1922,86.9
917,1585,10.3
890,1922,54.4
1143,161,83.0
873,480,48.1
1299,317,58.7
1250,697,25.1
1681,1897,63.4
364,1219,29.6
765,657,16.7
640,734,62.2
574,1919,56.0
364,1419,36.4
347,567,69.1
1011,212,15.0
317,370,35.2
1883,652,46.6
956,920,13.0
1985,1699,90.3
1329,844,28.3
488,624,13.6
1238,341,11.7
978,1694,48.2
1358,1835,94.7
1360,852,11.9
1995,953,52.4
770,216,71.2
1441,1677,70.7
1791,245,13.9
1350,1341,8.0
1622,1604,76.7
836,118,54.1
1568,404,43.9
1373,1824,98.3
1492,1604,66.6
871,30,80.2
1583,1179,42.4
982,1909,37.0
1604,69,11.3
1808,1758,72.2
986,1862,89.4
354,144,85.1
963,131,93.8
1173,1072,92.3
1970,1415,68.7
1703,1239,7.9
1364,1087,65.5
303,1918,8.0
1141,582,43.8
1086,1234,53.6
1026,1913,77.6
685,200,84.0
458,857,84.8
1138,454,49.1
163,755,73.8
1456,613,85.4
393,1701,91.7
476,496,22.4
1479,788,62.4
1403,495,45.2
760,1341,72.2
549,1405,52.0
937,224,78.4
1512,948,17.3
402,1580,82.9
1327,1254,10.1
1144,1906,48.8
1614,1722,37.4
1917,1319,43.4
320,826,89.6
1730,112,12.3
106,1901,95.2
1748,601,21.5
471,747,57.0
320,626,58.1
1810,86,81.0
377,133,80.6
143,793,23.5
1603,757,58.4
1490,1527,54.7
756,1924,42.8
1895,593,81.5
1174,1873,43.9
475,117,92.1
1977,559,42.6
331,3,15.0
1215,886,81.2
904,683,21.8
1136,1193,41.6
234,1758,60.1
1365,639,70.4
1124,265,48.6
1451,1988,85.3
1225,376,81.6
725,1474,56.4
946,302,67.4
1045,1570,67.0
1793,109,38.4
818,1087,33.2
1586,1437,35.7
1919,1105,81.5
956,1158,70.8
562,888,90.4
1921,1610,35.7
297,464,30.1
1377,1341,17.3
51,1823,55.5
133,54,68.6
751,501,13.4
821,1902,20.2
1366,1802,29.9
136,481,25.3
1969,1923,29.1
1310,464,6.2
1990,796,30.1
1993,239,42.7
851,1547,45.7
713,1729,62.9
718,237,45.3
305,612,86.9
1667,1958,43.5
1314,855,41.2
1844,38,69.8
1372,717,80.2
323,1881,13.8
660,1953,37.6
716,895,29.3
1227,184,40.1
494,897,23.3
1263,579,42.3
776,576,40.7
1503,491,41.0
659,1116,90.5
1322,1021,33.0
244,433,41.0
1455,86,52.7
413,506,66.5
1056,1908,25.3
1275,844,76.9
128,1109,57.2
417,538,73.8
1941,1111,39.8
1812,1300,48.8
1422,1135,83.4
245,1362,74.4
760,194,67.0
1048,836,25.0
271,885,99.8
1860,691,66.8
1700,1995,50.7
367,762,70.1
542,336,67.5
1024,115,66.6
1247,1831,40.6
376,73,63.7
1421,1612,70.8
1593,533,29.0
1973,118,48.8
102,852,54.9
1260,1671,38.4
1176,1742,8.7
1151,733,35.5
959,1359,94.5
735,1473,64.7
14,1405,12.9
723,885,88.9
191,689,91.0
910,1626,12.4
1579,1959,46.8
1933,720,8.3
475,1927,25.7
14,1477,67.1
851,1214,89.4
381,1320,45.2
1065,1462,37.1
974,1263,99.4
565,389,79.2
160,265,99.0
1420,595,85.4
52,1145,56.2
441,1011,10.3
521,943,54.8
756,708,83.7
330,892,18.8
1642,1216,8.2
1165,1774,26.4
1001,933,53.0
1552,1236,37.0
1089,1980,76.6
1801,1805,77.3
1041,1773,87.3
455,1501,71.8
1587,352,7.6
221,657,82.2
890,812,60.7
850,961,48.3
272,1396,9.6
1582,1698,23.3
1185,745,52.6
932,782,11.2
781,1876,82.7
863,1968,23.8
1802,1605,16.0
328,35,50.6
1575,461,50.3
1121,863,91.6
1582,507,65.0
877,1353,39.7
1649,367,9.5
1285,306,45.8
1816,310,67.3
285,1342,65.2
1817,920,82.0
943,1950,98.4
1687,1077,92.6
1386,1226,9.8
1529,360,52.5
69,767,25.2
225,1797,10.8
1438,1920,23.7
1329,1703,67.9
1906,1963,94.9
1393,109,99.7
1823,765,47.2
1840,774,29.5
104,505,5.6
550,12,80.1
1446,1722,82.0
1990,859,78.3
1673,1589,7.6
1783,609,13.2
167,1001,88.8
793,689,42.4
1179,606,87.7
1550,216,42.3
1667,193,24.7
1501,1208,65.3
909,692,94.3
550,1080,65.9
1916,1597,47.3
1731,1757,70.1
1215,1738,24.9
1722,922,85.2
738,1327,93.0
795,628,33.8
603,1086,54.3
1656,361,53.3
788,520,87.5
1622,1407,33.0
106,1874,31.2
571,1750,68.4
1181,1251,86.2
228,723,29.8
79,150,54.1
381,921,94.9
1130,1768,20.0
531,1125,15.0
518,1832,80.9
1956,1833,24.7
399,643,99.9
1024,1550,24.1
1755,1729,58.6
1628,258,65.5
1050,187,52.8
180,1301,35.5
190,1030,56.2
1561,317,72.9
1082,376,65.7
767,1880,12.1
604,1016,27.6
1699,1922,23.0
467,1119,50.9
1302,524,58.3
1052,37,44.2
1321,926,36.5
1470,804,62.1
1438,1869,34.9
179,719,83.1
1004,169,33.5
861,1079,69.0
1979,733,59.5
1248,647,71.9
488,288,40.1
187,834,6.5
1712,728,98.4
753,703,31.5
1331,32,18.5
423,1359,76.6
1183,838,32.3
1003,560,99.8
592,1524,79.0
149,325,39.9
1153,1415,14.3
1126,845,66.4
887,1292,71.5
375,1010,78.4
724,1931,20.3
1825,819,5.0
1990,1249,16.8
1836,993,14.2
713,411,14.6
116,1042,7.4
1636,866,71.1
1708,1330,92.6
1921,1511,86.6
178,1674,61.8
1239,42,64.1
1608,400,47.6
1583,497,11.4
1254,1738,30.5
1642,874,21.1
1800,56,11.8
1887,1527,94.3
1866,996,71.9
1722,979,41.1
1263,313,31.6
997,1038,63.7
527,1494,7.9
746,1312,21.3
137,1194,58.5
1991,1607,87.6
1355,1785,14.6
327,1644,54.6
232,1677,65.4
1511,1318,90.3
1063,1352,21.7
1341,1502,85.8
1781,1827,78.6
1049,1522,88.3
1854,519,64.3
163,1987,57.4
1508,295,20.7
1980,1644,82.2
1967,1855,52.4
647,152,30.5
1915,1786,38.1
420,176,80.4
919,1316,18.1
679,1418,24.9
180,1932,63.3
1851,1458,92.2
1695,1958,35.4
1102,124,10.4
309,1329,85.1
497,145,89.3
478,717,28.6
1996,402,60.3
1997,1656,45.2
1082,19,35.6
173,1377,34.1
1160,1631,31.8
405,1730,32.8
1837,1307,47.7
960,318,31.3
149,1676,70.9
1551,163,33.7
1498,1172,94.0
1307,1128,31.3
1945,1773,14.3
1420,1166,57.4
1317,774,97.7
261,1120,8.6
765,1569,59.6
884,1652,97.9
44,1576,88.3
775,1123,30.8
1783,1336,21.9
1154,1044,26.1
29,1577,83.1
389,233,91.8
186,242,31.2
182,780,22.9
233,300,82.5
229,567,49.6
1201,373,99.3
1725,184,83.4
1470,749,27.7
646,947,68.8
1822,299,84.2
324,522,89.3
1928,1684,66.3
1477,1395,6.0
129,1726,66.9
525,415,10.5
372,890,33.9
1707,827,43.0
1018,272,26.0
417,1814,70.1
747,1094,16.4
1869,1020,70.1
910,764,33.2
14,1166,41.6
1228,1360,6.0
1441,578,97.9
326,845,43.0
906,1279,59.8
1329,10,41.9
278,1990,58.5
1130,1425,6.1
1069,763,81.1
1418,1614,23.3
246,637,11.1
949,1661,54.3
1846,712,33.6
554,943,58.7
1302,1375,61.6
1256,47,34.5
1064,1482,31.4
168,28,30.3
80,671,96.7
665,289,67.5
268,1985,83.4
517,256,21.4
1446,1942,36.6
1456,164,88.0
1961,1602,55.2
866,1255,50.6
1915,798,37.0
1087,678,19.5
979,86,78.7
657,534,44.4
1626,1373,57.2
410,509,13.9
1406,1187,32.1
1054,1246,33.0
1172,766,53.6
620,327,60.0
1465,1044,52.2
425,530,63.9
540,750,67.8
1693,1803,12.0
1949,370,53.0
540,1495,52.6
542,840,42.8
1807,1765,80.8
1721,1904,22.5
1413,717,85.9
1402,1011,80.8
338,1492,19.3
457,1689,69.9
1234,91,88.2
1359,1582,74.1
1933,726,15.7
1538,1017,92.6
666,617,58.6
1155,537,12.2
1670,1541,87.9
1803,1797,86.4
1456,239,76.6
723,1254,41.8
476,1514,77.6
1420,449,80.0
863,711,79.2
947,1997,50.4
882,1063,96.3
834,1128,40.5
332,704,16.3
1795,239,76.0
1416,1008,87.5
1635,1977,14.9
697,635,72.9
331,4,78.2
1947,219,68.3
1680,189,73.3
1996,816,41.7
571,1082,60.5
98,845,74.5
1594,1042,79.8
1111,483,91.8
1746,1306,73.1
537,1716,52.2
1430,456,54.8
1116,1120,27.4
1093,1482,68.1
936,1646,5.6
553,424,52.1
1179,1210,33.7
534,1173,98.3
447,1874,61.3
1733,1933,38.4
1251,1080,62.3
143,1529,90.7
453,1104,15.8
985,1681,27.1
518,1525,52.2
1046,813,96.2
373,1052,22.2
1764,1972,96.1
724,285,10.5
202,751,98.9
524,854,51.1
1040,1375,53.2
1505,80,15.9
514,1239,75.7
885,1855,16.6
410,83,80.9
1901,1863,23.9
958,1822,46.9
297,178,47.5
59,1433,59.2
1538,697,42.5
964,1324,62.3
182,884,90.8
203,504,34.7
81,943,41.4
165,707,68.9
1579,770,7.0
575,664,65.8
835,12,90.0
294,522,55.4
490,207,29.3
612,1328,9.5
500,696,70.1
264,954,19.3
1462,1851,41.8
318,1514,70.9
1573,1255,75.7
1447,1616,76.7
159,73,25.3
1050,584,14.6
652,1343,33.7
964,1079,90.9
1295,125,15.7
1960,1723,32.8
207,1837,57.1
138,522,59.2
1892,152,11.3
794,1112,34.6
1003,684,77.9
1745,1480,37.6
197,1559,22.5
1776,1916,45.6
1339,41,79.3
1123,251,5.3
1140,707,56.7
1894,269,47.2
1454,1767,76.8
608,1090,82.6
1537,1151,40.7
1341,1240,45.5
1564,894,12.7
1596,800,44.4
272,44,38.0
1097,1539,76.2
1852,70,29.3
432,1713,94.3
239,590,11.9
1082,1673,19.3
419,1705,65.1
1008,915,49.6
474,1543,89.6
870,293,53.1
584,1683,52.9
1419,1617,54.7
256,1792,82.8
725,1110,76.3
101,1465,83.7
16,641,27.3
692,713,88.6
70,1926,15.6
1089,504,79.8
756,1579,46.5
747,262,93.4
1290,1211,46.8
1377,1286,47.4
129,465,33.7
424,915,62.5
1422,1913,75.7
1739,79,27.8
724,476,87.2
1591,622,82.0
401,1951,46.3
1788,1557,49.3
1316,1357,89.0
1874,1162,9.8
504,428,38.8
515,298,66.0
709,882,17.2
797,565,14.8
111,1004,96.3
1736,231,36.8
1479,1022,99.6
263,345,12.1
979,183,25.2
1287,1981,34.6
346,1414,7.9
16,1218,93.7
1625,1580,42.6
1712,1416,32.0
1855,649,48.5
1476,846,69.0
930,1698,33.7
850,1059,95.3
1646,331,60.2
1539,1651,69.6
1985,1072,6.9
117,940,85.3
576,122,92.7
886,1604,66.0
1812,285,46.6
1625,270,23.2
474,192,54.2
693,1189,69.2
1772,1774,48.5
1741,221,30.2
67,1900,88.0
778,151,97.9
1538,1083,47.1
1978,498,80.8
1642,1855,10.2
658,1526,38.0
1330,730,76.9
779,1287,17.4
1547,600,41.1
1023,1830,23.9
1115,1581,54.1
4,1167,55.0
69,700,62.2
766,1705,58.9
1926,234,11.9
549,1416,54.5
1884,1475,38.5
1798,766,59.7
1301,70,64.2
289,1285,67.5
471,189,58.0
763,92,21.7
1992,1001,87.3
790,313,40.5
637,1448,52.4
302,420,27.4
416,105,12.5
732,875,56.4
689,1518,31.8
1876,1374,10.7
1785,137,94.2
1281,433,94.1
1375,1027,6.4
1646,480,74.7
1864,52,79.7
1171,333,50.5
1187,1453,77.5
1030,194,53.2
862,323,84.8
1739,209,21.6
925,465,36.0
482,1739,81.2
594,1778,85.2
1988,206,45.1
115,1459,32.3
1613,370,40.6
1938,1761,86.2
1261,1504,8.6
1349,338,17.3
1294,1717,41.2
218,1692,98.3
1945,1431,77.7
777,688,70.7
1439,1528,35.6
1377,30,62.4
166,1646,98.4
664,491,86.0
1018,1689,66.0
131,1395,99.0
205,593,43.8
1405,820,99.1
36,77,23.3
1099,1467,58.7
1008,1487,60.0
771,878,80.5
1204,345,81.9
1483,644,55.9
1550,108,52.3
1729,1097,59.3
208,1280,88.0
1521,1559,7.3
819,2,56.4
1952,597,45.5
358,1437,55.7
798,354,79.5
710,1066,67.4
1573,172,44.1
1156,1986,90.9
844,553,86.7
181,207,31.1
880,1186,31.4
1270,467,97.7
386,1136,71.8
308,914,48.2
1791,619,63.7
366,751,95.2
1283,1918,68.4
311,1712,98.5
446,248,83.4
1521,335,21.8
1765,5,40.4
532,1174,97.6
460,1831,87.3
429,1522,43.8
392,1162,90.1
1871,552,51.2
1399,1522,28.6
758,1309,95.2
1069,205,28.3
752,1347,27.3
832,1664,31.6
11,545,22.9
730,1799,65.5
1916,1078,36.7
1940,1484,69.4
1631,1425,10.6
837,1823,59.1
427,1887,79.6
732,56,81.7
909,893,66.7
1854,803,52.3
1578,568,23.4
1846,1278,50.3
1271,1985,68.8
809,1704,84.3
1104,371,43.4
1612,1960,70.0
716,1932,91.9
764,788,33.7
1614,1629,67.3
1638,533,6.7
153,837,21.7
1895,1715,53.6
1269,1394,10.4
1707,1036,50.0
313,1722,68.8
934,1191,79.1
1666,1144,34.0
1757,23,84.1
1094,850,74.8
1305,302,57.9
1825,1010,85.0
1014,767,50.0
1578,1500,61.4
1519,1376,54.5
1260,577,51.6
646,1334,17.8
697,1219,14.6
1562,1200,46.5
1921,1537,66.2
482,1396,63.7
773,649,47.2
1072,1862,16.5
272,69,43.1
1998,1817,21.9
164,924,95.2
1339,1684,27.9
924,1473,41.0
1935,142,31.7
513,131,82.8
700,1085,12.9
289,2000,72.3
342,1645,25.7
1538,1932,45.8
316,1899,41.8
1188,1300,14.0
1293,1538,42.7
225,961,15.2
1839,1017,11.0
428,1246,61.9
1815,1416,12.1
1841,1865,14.9
763,176,84.1
1645,630,13.9
623,1864,99.8
256,480,46.8
1624,512,13.5
999,48,47.4
850,1498,46.2
466,847,56.0
1186,735,89.8
347,1526,97.6
641,60,36.9
321,1729,65.4
830,1215,51.5
1353,1680,74.6
583,1092,21.4
1410,472,40.8
19,351,19.5
1232,997,8.5
783,587,48.8
397,892,62.1
1471,1783,74.1
286,1152,59.6
1012,1272,76.0
544,1307,59.9
1222,601,69.3
818,623,13.6
1192,1374,39.8
551,1955,35.7
89,1648,31.8
1439,1585,9.0
1777,1475,27.6
1165,1948,6.3
79,1833,35.6
1392,269,98.1
1246,1010,77.8
52,473,81.3
573,688,59.1
1505,1394,86.9
324,870,37.4
1205,1507,49.2
65,189,33.7
1886,172,9.3
211,1868,90.2
1555,528,82.9
1366,1579,32.4
459,1874,29.2
1811,1731,11.0
917,505,70.0
117,994,57.9
1220,1917,25.5
1704,691,28.5
1784,894,68.0
576,1086,19.5
1826,1711,32.0
912,1311,47.7
1279,537,23.9
698,1687,17.5
540,1528,92.9
491,128,5.0
654,413,40.9
181,461,24.9
306,280,46.2
1640,1238,24.7
995,1142,65.4
11,1792,96.3
1987,840,88.2
1742,1778,18.5
1249,923,14.7
670,1558,14.9
638,210,77.0
876,610,32.7
1721,1481,80.0
602,865,21.5
853,1429,73.3
653,1455,22.7
823,1140,37.0
1364,190,29.8
553,1239,41.7
502,1966,52.1
912,119,52.8
55,835,6.2
1272,486,30.5
1189,89,37.8
1100,978,90.1
1839,1134,13.1
69,1702,36.7
5,1886,9.6
603,211,60.0
1129,1682,53.1
707,667,33.6
1678,1922,22.2
727,909,89.3
1188,1521,74.0
1064,1569,6.2
1022,1631,45.1
1094,1320,9.3
1988,384,76.3
1248,892,30.6
827,1795,55.5
1361,67,56.4
310,702,97.5
1339,1099,99.4
285,890,48.4
1935,1335,29.8
350,231,36.2
1357,396,24.3
1087,1329,79.1
740,631,27.0
1912,1498,63.3
428,752,49.9
638,1968,32.7
1027,935,77.6
1118,257,29.3
1050,1957,27.3
896,18,71.1
1374,1828,57.9
1158,1939,62.9
528,1703,80.6
1898,633,15.8
949,105,68.7
427,1,85.3
1643,1548,39.9
917,103,19.6
1514,1908,67.8
414,238,58.1
975,1452,70.5
1403,1989,15.8
411,2000,71.5
1544,1623,66.7
567,550,40.4
1812,449,6.7
1530,1231,67.0
1089,294,96.5
1232,22,87.3
730,1536,26.8
1655,438,23.9
787,795,28.2
210,1311,75.2
1709,1756,28.6
1844,1204,68.4
1459,1302,34.8
556,101,43.6
1366,184,75.7
333,1549,56.6
864,1576,34.8
987,1476,40.1
460,1821,33.4
97,1308,61.2
1954,246,74.3
1448,89,35.5
1978,1084,45.3
549,1134,65.6
25,482,91.9
699,590,96.8
1929,450,58.9
1505,1286,51.6
925,591,80.1
1049,1560,58.2
279,176,19.6
1163,1872,43.7
1841,251,73.6
1095,1358,98.3
130,47,49.0
1851,1258,80.2
1825,78,80.7
1137,1604,23.6
32,1101,11.0
1002,1322,63.2
1420,795,41.7
1399,899,33.2
127,1954,49.2
117,1932,93.4
339,665,27.8
1822,936,36.0
1222,1533,94.6
1419,2,93.3
1296,324,8.4
880,197,8.0
1180,407,73.2
230,258,22.4
1984,1819,50.5
1608,126,23.3
1655,16,27.7
550,1057,65.2
1374,31,70.2
17,850,82.4
502,1348,31.9
1082,1171,32.2
96,84,33.6
365,240,9.5
1793,136,39.0
1947,443,48.0
868,1872,54.2
255,324,32.7
1400,793,75.8
706,1862,58.7
991,1659,10.3
537,340,67.2
451,562,8.4
1342,408,47.6
1854,1114,73.6
1483,1122,76.3
1122,1838,56.1
337,325,9.2
1941,1131,42.5
1906,437,21.9
1804,1618,71.6
1231,876,72.7
211,334,63.5
383,1810,15.2
1302,1822,35.0
1832,214,21.8
903,1746,28.5
874,384,44.7
595,543,94.4
1547,131,80.4
1259,1398,47.7
197,195,6.3
1529,321,7.7
947,412,23.3
713,233,96.1
1010,900,36.8
169,601,17.4
876,1214,36.7
1596,491,35.7
903,1223,48.8
1675,1893,67.5
1636,1858,52.4
877,202,10.7
993,372,85.2
1500,1404,70.4
1667,1691,80.2
680,1176,30.5
1634,1436,62.7
729,374,24.0
1482,1948,9.2
1396,791,82.1
243,1485,83.0
1078,387,79.7
207,1927,11.5
1542,568,18.5
764,1368,89.0
639,181,56.3
1927,290,62.4
1606,1023,12.8
279,733,64.3
221,233,85.8
39,63,10.8
1634,704,87.4
176,1912,90.9
214,1405,43.6
147,1176,54.9
1373,1380,50.9
1426,1054,39.8
1016,729,64.6
1530,158,21.8
666,1326,26.9
397,609,82.6
657,667,32.8
497,40,91.2
526,1873,34.5
70,1822,86.2
1730,1578,69.1
653,1973,85.0
612,1237,8.1
269,645,37.4
219,1552,82.4
847,866,6.8
1456,1034,26.0
221,1810,76.6
496,161,81.5
125,1029,90.9
1134,696,71.1
160,1783,23.5
833,958,90.6
908,1451,94.3
774,1127,20.4
323,192,53.9
155,773,95.5
739,1784,13.7
1935,323,98.3
1860,1855,16.0
443,219,92.7
1885,687,86.3
1727,420,91.7
344,970,90.4
1506,1440,72.3
944,1431,86.6
238,1669,56.4
1038,922,37.6
1961,942,23.6
64,1697,31.9
1085,1638,17.2
190,326,53.7
238,1431,5.8
318,872,53.3
1347,156,57.3
941,1969,95.1
1461,1309,71.6
433,1726,66.0
1745,1997,97.4
1378,355,96.1
1022,1369,33.2
1646,608,57.1
529,1056,79.8
86,701,80.6
1627,1194,47.5
616,704,15.6
237,871,74.5
1994,1307,51.8
760,165,89.5
352,885,70.1
577,1020,67.5
383,1595,69.9
27,1805,34.5
129,364,18.1
592,1693,13.8
135,338,67.0
1123,1410,49.7
691,159,74.1
931,957,93.3
816,1305,18.0
814,1354,16.8
1976,24,70.1
930,238,41.9
1496,797,94.0
356,1291,22.8
132,1656,44.9
317,1990,72.6
672,585,26.2
89,1202,7.4
1465,1702,12.8
160,1748,89.8
1805,1696,63.0
660,1089,49.3
928,987,96.3
1908,250,87.0
1151,1493,20.9
1952,1087,42.7
1926,1051,79.6
838,664,24.0
1783,397,80.1
366,603,21.6
165,1701,26.1
247,1313,85.4
965,852,62.5
1866,1622,53.8
768,487,12.8
620,790,70.6
697,383,62.0
1835,508,37.2
168,1664,28.2
509,106,13.5
163,461,87.0
1948,1855,34.7
1773,286,83.8
1852,1443,8.9
577,822,13.8
1730,36,58.9
556,1376,54.7
357,70,69.9
1229,1311,70.2
1434,21,51.4
1632,87,28.7
1289,1844,8.6
1238,1831,89.1
677,1657,20.9
833,738,34.7
99,1119,34.0
840,481,12.3
1797,1528,86.6
1691,284,74.5
1633,320,60.6
1049,110,10.1
949,76,37.9
1013,247,29.4
1304,899,62.5
16,759,75.2
1582,1364,46.4
1820,1847,20.2
1141,1729,14.9
256,669,29.6
1744,1908,30.9
1476,1232,46.9
352,1595,86.4
1799,1382,63.8
458,1716,87.3
1003,1935,15.7
1180,373,18.4
1042,1517,31.2
435,219,22.4
810,1318,56.9
879,1369,95.2
773,1164,13.0
1046,654,30.6
1734,1726,6.1
845,1300,73.4
108,740,12.3
266,458,85.5
1209,399,66.7
706,1515,74.8
595,1579,77.2
296,1347,13.9
580,367,51.0
673,524,62.1
586,797,22.4
1333,1499,61.4
1189,519,41.5
203,1737,40.8
1044,792,96.8
1042,1386,63.5
115,1652,10.3
1007,1822,25.9
190,144,50.9
995,1726,92.4
1047,1051,35.1
1033,179,93.7
198,944,49.9
1810,900,65.1
767,259,94.8
70,643,91.8
549,1385,47.2
1316,1391,83.8
1394,847,6.8
805,941,22.3
1246,576,83.0
36,628,38.4
1010,640,50.6
